#time	step	pid	tid	name	core	cpu
4413	0	28823	28836	Binder:28823_1	1	3
7669	1	10516	10516	xample.test_one	2	6
7669	1	10516	10523	Jit thread pool	7	2
7669	1	10516	10536	Binder:10516_3	7	2
8772	2	10516	10516	xample.test_one	2	1
8772	2	10516	10523	Jit thread pool	6	1
8772	2	10516	10536	Binder:10516_3	4	1
9850	4	10516	10516	xample.test_one	3	1
9850	4	10516	10523	Jit thread pool	0	1
9850	4	10516	10536	Binder:10516_3	4	2
10988	5	10516	10536	Binder:10516_3	4	1
12088	6	10516	10536	Binder:10516_3	5	1
13240	7	10516	10536	Binder:10516_3	4	2
14306	8	10516	10618	Binder:10516_4	7	1
15373	9	10516	10523	Jit thread pool	3	1
15373	9	10516	10536	Binder:10516_3	4	1
16452	10	10516	10536	Binder:10516_3	7	2
17563	11	10516	10536	Binder:10516_3	7	1
18672	12	10516	10536	Binder:10516_3	5	1
19780	13	10516	10536	Binder:10516_3	4	1
20857	14	10516	10536	Binder:10516_3	4	1
21939	15	10516	10536	Binder:10516_3	5	1
23032	16	10516	10536	Binder:10516_3	7	1
24144	17	10516	10536	Binder:10516_3	4	1
25257	18	10516	10536	Binder:10516_3	5	1
26351	19	10516	10536	Binder:10516_3	7	1
27430	20	10516	10536	Binder:10516_3	6	1
28561	21	10516	10536	Binder:10516_3	6	2
29626	22	10516	10536	Binder:10516_3	6	1
30700	23	10516	10536	Binder:10516_3	7	1
31779	24	10516	10536	Binder:10516_3	6	1
32905	25	10516	10536	Binder:10516_3	6	2
34021	26	10516	10536	Binder:10516_3	5	1
35144	27	10516	10536	Binder:10516_3	5	1
36293	28	10516	10536	Binder:10516_3	4	1
37425	29	10516	10536	Binder:10516_3	4	1
38497	30	10516	10536	Binder:10516_3	5	1
39646	31	10516	10536	Binder:10516_3	5	2
40770	32	10516	10536	Binder:10516_3	5	1
41866	33	10516	10536	Binder:10516_3	7	2
42930	34	10516	10536	Binder:10516_3	5	1
44015	35	10516	10536	Binder:10516_3	6	1
45095	36	10516	10536	Binder:10516_3	7	1
46183	37	10516	10536	Binder:10516_3	6	1
47292	38	10516	10536	Binder:10516_3	5	1
48402	39	10516	10536	Binder:10516_3	6	1
49526	40	10516	10536	Binder:10516_3	6	1
50604	42	10516	10536	Binder:10516_3	5	1
51761	43	10516	10536	Binder:10516_3	6	1
52854	44	10516	10536	Binder:10516_3	5	2
53963	45	10516	10523	Jit thread pool	0	1
53963	45	10516	10536	Binder:10516_3	5	1
55070	46	10516	10536	Binder:10516_3	6	1
56150	47	10516	10536	Binder:10516_3	6	1
57210	48	10516	10536	Binder:10516_3	5	1
58282	49	10516	10536	Binder:10516_3	6	1
59367	50	10516	10516	xample.test_one	6	5
59367	50	10516	10523	Jit thread pool	2	1
59367	50	10516	10536	Binder:10516_3	7	1
59367	50	10516	10568	RenderThread	0	3
60457	51	10516	10516	xample.test_one	5	9
60457	51	10516	10523	Jit thread pool	0	5
60457	51	10516	10536	Binder:10516_3	0	2
60457	51	10516	10568	RenderThread	1	2
60457	51	10516	10582	mali-cmar-backe	3	1
61604	52	10516	10516	xample.test_one	5	10
61604	52	10516	10523	Jit thread pool	6	7
61604	52	10516	10536	Binder:10516_3	2	1
61604	52	10516	10568	RenderThread	2	3
61604	52	10516	10582	mali-cmar-backe	2	1
62739	52	10516	10516	xample.test_one	7	8
62739	52	10516	10523	Jit thread pool	5	5
62739	52	10516	10536	Binder:10516_3	7	2
62739	52	10516	10568	RenderThread	4	3
62739	52	10516	10582	mali-cmar-backe	0	1
63882	53	10516	10516	xample.test_one	2	5
63882	53	10516	10523	Jit thread pool	6	3
63882	53	10516	10536	Binder:10516_3	0	1
63882	53	10516	10568	RenderThread	0	3
63882	53	10516	10582	mali-cmar-backe	0	1
65043	54	10516	10516	xample.test_one	6	5
65043	54	10516	10523	Jit thread pool	2	1
65043	54	10516	10536	Binder:10516_3	7	2
65043	54	10516	10568	RenderThread	7	4
65043	54	10516	10582	mali-cmar-backe	2	1
66170	55	10516	10516	xample.test_one	6	6
66170	55	10516	10536	Binder:10516_3	1	1
66170	55	10516	10568	RenderThread	1	3
66170	55	10516	10582	mali-cmar-backe	3	1
67269	58	10516	10516	xample.test_one	5	5
67269	58	10516	10523	Jit thread pool	1	1
67269	58	10516	10568	RenderThread	1	2
67269	58	10516	10582	mali-cmar-backe	1	1
67269	58	10516	14776	Binder:10516_6	3	2
68365	58	10516	10516	xample.test_one	2	4
68365	58	10516	10523	Jit thread pool	1	1
68365	58	10516	10536	Binder:10516_3	0	2
68365	58	10516	10568	RenderThread	1	3
68365	58	10516	10582	mali-cmar-backe	4	1
69483	59	10516	10516	xample.test_one	7	4
69483	59	10516	10523	Jit thread pool	3	1
69483	59	10516	10536	Binder:10516_3	4	1
69483	59	10516	10568	RenderThread	4	3
69483	59	10516	10582	mali-cmar-backe	1	1
70608	60	10516	10516	xample.test_one	5	4
70608	60	10516	10523	Jit thread pool	4	1
70608	60	10516	10536	Binder:10516_3	0	2
70608	60	10516	10568	RenderThread	2	2
70608	60	10516	10582	mali-cmar-backe	1	1
71674	61	10516	10516	xample.test_one	1	4
71674	61	10516	10536	Binder:10516_3	1	2
71674	61	10516	10568	RenderThread	3	3
71674	61	10516	10582	mali-cmar-backe	1	1
72804	62	10516	10516	xample.test_one	4	4
72804	62	10516	10536	Binder:10516_3	4	2
72804	62	10516	10568	RenderThread	7	3
72804	62	10516	10582	mali-cmar-backe	6	1
74038	62	10516	10516	xample.test_one	7	3
74038	62	10516	10536	Binder:10516_3	4	2
74038	62	10516	10568	RenderThread	1	2
74038	62	10516	10582	mali-cmar-backe	2	1
75182	63	10516	10516	xample.test_one	4	4
75182	63	10516	10536	Binder:10516_3	0	2
75182	63	10516	10568	RenderThread	2	3
75182	63	10516	10582	mali-cmar-backe	2	1
76278	64	10516	10516	xample.test_one	7	4
76278	64	10516	10536	Binder:10516_3	0	2
76278	64	10516	10568	RenderThread	7	3
76278	64	10516	10582	mali-cmar-backe	0	1
77370	65	10516	10516	xample.test_one	3	4
77370	65	10516	10536	Binder:10516_3	5	2
77370	65	10516	10568	RenderThread	1	2
77370	65	10516	10582	mali-cmar-backe	3	1
78459	66	10516	10516	xample.test_one	0	4
78459	66	10516	10536	Binder:10516_3	2	2
78459	66	10516	10568	RenderThread	3	3
78459	66	10516	10582	mali-cmar-backe	3	1
79559	67	10516	10516	xample.test_one	6	4
79559	67	10516	10536	Binder:10516_3	3	1
79559	67	10516	10568	RenderThread	5	3
79559	67	10516	10582	mali-cmar-backe	3	1
80653	68	10516	10516	xample.test_one	0	4
80653	68	10516	10536	Binder:10516_3	2	2
80653	68	10516	10568	RenderThread	0	2
80653	68	10516	10582	mali-cmar-backe	1	1
81763	69	10516	10516	xample.test_one	2	4
81763	69	10516	10536	Binder:10516_3	6	1
81763	69	10516	10568	RenderThread	3	2
81763	69	10516	10582	mali-cmar-backe	0	1
82842	70	10516	10516	xample.test_one	3	4
82842	70	10516	10568	RenderThread	1	2
82842	70	10516	10582	mali-cmar-backe	3	1
82842	70	10516	14776	Binder:10516_6	7	2
83926	71	10516	10516	xample.test_one	2	4
83926	71	10516	10568	RenderThread	3	3
83926	71	10516	10582	mali-cmar-backe	0	1
83926	71	10516	14776	Binder:10516_6	3	2
85024	71	10516	10516	xample.test_one	2	4
85024	71	10516	10536	Binder:10516_3	3	1
85024	71	10516	10568	RenderThread	7	3
85024	71	10516	10582	mali-cmar-backe	0	1
85024	71	10516	14776	Binder:10516_6	3	1
86134	72	10516	10516	xample.test_one	1	3
86134	72	10516	10536	Binder:10516_3	6	2
86134	72	10516	10568	RenderThread	7	2
86134	72	10516	10582	mali-cmar-backe	2	1
87215	73	10516	10516	xample.test_one	0	3
87215	73	10516	10536	Binder:10516_3	7	1
87215	73	10516	10568	RenderThread	6	3
87215	73	10516	10582	mali-cmar-backe	3	1
88362	74	10516	10516	xample.test_one	1	3
88362	74	10516	10536	Binder:10516_3	6	2
88362	74	10516	10568	RenderThread	6	3
88362	74	10516	10582	mali-cmar-backe	1	1
89547	74	10516	10516	xample.test_one	7	3
89547	74	10516	10536	Binder:10516_3	6	1
89547	74	10516	10568	RenderThread	7	3
89547	74	10516	10582	mali-cmar-backe	2	1
90672	75	10516	10516	xample.test_one	5	3
90672	75	10516	10536	Binder:10516_3	4	1
90672	75	10516	10568	RenderThread	6	3
90672	75	10516	10582	mali-cmar-backe	1	1
91799	75	10516	10516	xample.test_one	3	3
91799	75	10516	10536	Binder:10516_3	7	1
91799	75	10516	10568	RenderThread	1	3
91799	75	10516	10582	mali-cmar-backe	1	1
92988	76	10516	10516	xample.test_one	7	4
92988	76	10516	10536	Binder:10516_3	3	2
92988	76	10516	10568	RenderThread	1	3
92988	76	10516	10582	mali-cmar-backe	1	1
94209	76	10516	10516	xample.test_one	4	4
94209	76	10516	10536	Binder:10516_3	4	2
94209	76	10516	10568	RenderThread	6	3
94209	76	10516	10582	mali-cmar-backe	1	1
95328	77	10516	10516	xample.test_one	2	3
95328	77	10516	10536	Binder:10516_3	0	3
95328	77	10516	10568	RenderThread	3	3
95328	77	10516	10582	mali-cmar-backe	4	1
96407	78	10516	10516	xample.test_one	1	4
96407	78	10516	10536	Binder:10516_3	1	2
96407	78	10516	10568	RenderThread	7	3
96407	78	10516	10582	mali-cmar-backe	7	1
97497	79	10516	10516	xample.test_one	5	4
97497	79	10516	10536	Binder:10516_3	1	2
97497	79	10516	10568	RenderThread	1	3
97497	79	10516	10582	mali-cmar-backe	3	1
98638	80	10516	10516	xample.test_one	5	4
98638	80	10516	10536	Binder:10516_3	7	2
98638	80	10516	10568	RenderThread	6	4
98638	80	10516	10582	mali-cmar-backe	4	1
99726	80	10516	10516	xample.test_one	4	4
99726	80	10516	10536	Binder:10516_3	4	1
99726	80	10516	10568	RenderThread	5	4
99726	80	10516	10582	mali-cmar-backe	0	1
100911	80	10516	10516	xample.test_one	1	4
100911	80	10516	10536	Binder:10516_3	3	2
100911	80	10516	10568	RenderThread	3	3
100911	80	10516	10582	mali-cmar-backe	0	1
102005	81	10516	10516	xample.test_one	2	4
102005	81	10516	10536	Binder:10516_3	1	2
102005	81	10516	10568	RenderThread	2	3
102005	81	10516	10582	mali-cmar-backe	1	1
103102	82	10516	10516	xample.test_one	3	4
103102	82	10516	10536	Binder:10516_3	7	2
103102	82	10516	10568	RenderThread	1	3
103102	82	10516	10582	mali-cmar-backe	3	1
104201	83	10516	10516	xample.test_one	2	4
104201	83	10516	10536	Binder:10516_3	5	1
104201	83	10516	10568	RenderThread	3	4
104201	83	10516	10582	mali-cmar-backe	2	1
105395	83	10516	10516	xample.test_one	3	3
105395	83	10516	10536	Binder:10516_3	6	1
105395	83	10516	10568	RenderThread	1	3
105395	83	10516	10582	mali-cmar-backe	0	1
105395	83	10516	14776	Binder:10516_6	5	1
106491	84	10516	10516	xample.test_one	2	4
106491	84	10516	10568	RenderThread	0	3
106491	84	10516	10582	mali-cmar-backe	2	1
106491	84	10516	14776	Binder:10516_6	6	2
107599	85	10516	10516	xample.test_one	1	4
107599	85	10516	10568	RenderThread	0	4
107599	85	10516	10582	mali-cmar-backe	1	1
107599	85	10516	14776	Binder:10516_6	3	2
108703	85	10516	10516	xample.test_one	3	4
108703	85	10516	10568	RenderThread	3	4
108703	85	10516	10582	mali-cmar-backe	1	1
108703	85	10516	14776	Binder:10516_6	0	2
109847	86	10516	10516	xample.test_one	2	4
109847	86	10516	10568	RenderThread	2	4
109847	86	10516	10582	mali-cmar-backe	1	1
109847	86	10516	14776	Binder:10516_6	5	2
110960	87	10516	10516	xample.test_one	6	4
110960	87	10516	10568	RenderThread	7	3
110960	87	10516	10582	mali-cmar-backe	4	1
110960	87	10516	14776	Binder:10516_6	7	2
112044	87	10516	10516	xample.test_one	5	3
112044	87	10516	10568	RenderThread	3	3
112044	87	10516	10582	mali-cmar-backe	6	1
112044	87	10516	14776	Binder:10516_6	5	1
113162	88	10516	10516	xample.test_one	5	4
113162	88	10516	10568	RenderThread	7	4
113162	88	10516	10582	mali-cmar-backe	1	1
113162	88	10516	14776	Binder:10516_6	4	1
114259	89	10516	10516	xample.test_one	2	3
114259	89	10516	10568	RenderThread	7	4
114259	89	10516	10582	mali-cmar-backe	3	1
114259	89	10516	14776	Binder:10516_6	7	1
115431	90	10516	10516	xample.test_one	2	3
115431	90	10516	10568	RenderThread	4	3
115431	90	10516	10582	mali-cmar-backe	2	1
115431	90	10516	14776	Binder:10516_6	7	3
116569	90	10516	10516	xample.test_one	5	3
116569	90	10516	10568	RenderThread	4	4
116569	90	10516	10582	mali-cmar-backe	3	1
116569	90	10516	14776	Binder:10516_6	7	1
117666	91	10516	10516	xample.test_one	0	4
117666	91	10516	10568	RenderThread	1	3
117666	91	10516	10582	mali-cmar-backe	0	1
117666	91	10516	14776	Binder:10516_6	6	1
118776	92	10516	10516	xample.test_one	7	4
118776	92	10516	10568	RenderThread	2	4
118776	92	10516	10582	mali-cmar-backe	7	1
118776	92	10516	14776	Binder:10516_6	5	1
119914	93	10516	10516	xample.test_one	7	1
119914	93	10516	14776	Binder:10516_6	5	1
120993	94	10516	14776	Binder:10516_6	1	1
122115	94	10516	10516	xample.test_one	3	4
122115	94	10516	10535	Binder:10516_2	2	2
122115	94	10516	10568	RenderThread	0	3
122115	94	10516	10582	mali-cmar-backe	3	1
123223	95	10516	10516	xample.test_one	1	4
123223	95	10516	10535	Binder:10516_2	5	1
123223	95	10516	10568	RenderThread	4	3
123223	95	10516	10582	mali-cmar-backe	3	1
124324	96	10516	10516	xample.test_one	4	4
124324	96	10516	10568	RenderThread	4	3
124324	96	10516	10582	mali-cmar-backe	3	1
124324	96	10516	14776	Binder:10516_6	6	2
125450	97	10516	10516	xample.test_one	0	4
125450	97	10516	10568	RenderThread	3	4
125450	97	10516	10582	mali-cmar-backe	6	1
125450	97	10516	14776	Binder:10516_6	3	2
126561	98	10516	10516	xample.test_one	0	3
126561	98	10516	10568	RenderThread	2	3
126561	98	10516	10582	mali-cmar-backe	3	1
126561	98	10516	14776	Binder:10516_6	4	2
127661	98	10516	10516	xample.test_one	2	3
127661	98	10516	10568	RenderThread	0	3
127661	98	10516	10582	mali-cmar-backe	3	1
127661	98	10516	14776	Binder:10516_6	6	2
128760	99	10516	10516	xample.test_one	0	3
128760	99	10516	10568	RenderThread	2	3
128760	99	10516	10582	mali-cmar-backe	2	1
128760	99	10516	14776	Binder:10516_6	4	1
129857	100	10516	10516	xample.test_one	3	3
129857	100	10516	10568	RenderThread	4	3
129857	100	10516	10582	mali-cmar-backe	4	1
129857	100	10516	14776	Binder:10516_6	4	1
130948	101	10516	10516	xample.test_one	7	3
130948	101	10516	10568	RenderThread	7	3
130948	101	10516	10582	mali-cmar-backe	5	1
130948	101	10516	14776	Binder:10516_6	6	1
132063	102	10516	10516	xample.test_one	3	3
132063	102	10516	10568	RenderThread	2	3
132063	102	10516	10582	mali-cmar-backe	7	1
132063	102	10516	14776	Binder:10516_6	6	1
133168	102	10516	10516	xample.test_one	1	3
133168	102	10516	10568	RenderThread	2	3
133168	102	10516	10582	mali-cmar-backe	3	1
133168	102	10516	14776	Binder:10516_6	7	1
134292	103	10516	10516	xample.test_one	0	4
134292	103	10516	10568	RenderThread	6	3
134292	103	10516	10582	mali-cmar-backe	3	1
134292	103	10516	14776	Binder:10516_6	0	2
135420	104	10516	10516	xample.test_one	2	4
135420	104	10516	10568	RenderThread	0	3
135420	104	10516	10582	mali-cmar-backe	1	1
135420	104	10516	14776	Binder:10516_6	1	2
136544	105	10516	10516	xample.test_one	2	4
136544	105	10516	10568	RenderThread	3	3
136544	105	10516	10582	mali-cmar-backe	3	1
136544	105	10516	14776	Binder:10516_6	7	2
137683	106	10516	10516	xample.test_one	6	4
137683	106	10516	10568	RenderThread	0	3
137683	106	10516	10582	mali-cmar-backe	3	1
137683	106	10516	14776	Binder:10516_6	6	2
138806	107	10516	10516	xample.test_one	7	4
138806	107	10516	10568	RenderThread	3	2
138806	107	10516	10582	mali-cmar-backe	2	1
138806	107	10516	14776	Binder:10516_6	2	1
139912	107	10516	10516	xample.test_one	7	4
139912	107	10516	10568	RenderThread	1	3
139912	107	10516	10582	mali-cmar-backe	7	1
139912	107	10516	14776	Binder:10516_6	6	1
141035	108	10516	10516	xample.test_one	2	4
141035	108	10516	10536	Binder:10516_3	5	1
141035	108	10516	10568	RenderThread	1	3
141035	108	10516	10582	mali-cmar-backe	3	1
142228	109	10516	10516	xample.test_one	1	3
142228	109	10516	10568	RenderThread	1	3
142228	109	10516	10582	mali-cmar-backe	0	1
142228	109	10516	14776	Binder:10516_6	6	1
143337	110	10516	10516	xample.test_one	4	3
143337	110	10516	10568	RenderThread	4	3
143337	110	10516	10582	mali-cmar-backe	3	1
143337	110	10516	14776	Binder:10516_6	6	1
144508	110	10516	10516	xample.test_one	4	3
144508	110	10516	10568	RenderThread	7	3
144508	110	10516	10582	mali-cmar-backe	4	1
144508	110	10516	14776	Binder:10516_6	5	1
145694	111	10516	10516	xample.test_one	7	3
145694	111	10516	10568	RenderThread	0	3
145694	111	10516	10582	mali-cmar-backe	1	1
145694	111	10516	14776	Binder:10516_6	0	1
146788	112	10516	10516	xample.test_one	2	4
146788	112	10516	10536	Binder:10516_3	5	1
146788	112	10516	10568	RenderThread	5	3
146788	112	10516	10582	mali-cmar-backe	4	1
146788	112	10516	14776	Binder:10516_6	0	2
147856	112	10516	10516	xample.test_one	0	4
147856	112	10516	10536	Binder:10516_3	6	1
147856	112	10516	10568	RenderThread	3	3
147856	112	10516	10582	mali-cmar-backe	0	1
148998	113	10516	10516	xample.test_one	2	4
148998	113	10516	10536	Binder:10516_3	3	1
148998	113	10516	10568	RenderThread	0	3
148998	113	10516	10582	mali-cmar-backe	3	1
148998	113	10516	14776	Binder:10516_6	1	1
150125	114	10516	10516	xample.test_one	2	4
150125	114	10516	10568	RenderThread	5	3
150125	114	10516	10582	mali-cmar-backe	6	1
150125	114	10516	14776	Binder:10516_6	6	2
151216	114	10516	10516	xample.test_one	1	4
151216	114	10516	10568	RenderThread	5	4
151216	114	10516	10582	mali-cmar-backe	6	1
151216	114	10516	14776	Binder:10516_6	7	1
152422	115	10516	10516	xample.test_one	6	4
152422	115	10516	10536	Binder:10516_3	0	2
152422	115	10516	10568	RenderThread	6	3
152422	115	10516	10582	mali-cmar-backe	1	1
153545	116	10516	10516	xample.test_one	1	4
153545	116	10516	10536	Binder:10516_3	0	2
153545	116	10516	10568	RenderThread	7	4
153545	116	10516	10582	mali-cmar-backe	3	1
154671	117	10516	10516	xample.test_one	3	4
154671	117	10516	10536	Binder:10516_3	1	2
154671	117	10516	10568	RenderThread	6	3
154671	117	10516	10582	mali-cmar-backe	0	1
155777	117	10516	10516	xample.test_one	2	4
155777	117	10516	10536	Binder:10516_3	0	2
155777	117	10516	10568	RenderThread	1	3
155777	117	10516	10582	mali-cmar-backe	1	1
156905	118	10516	10516	xample.test_one	4	4
156905	118	10516	10536	Binder:10516_3	6	2
156905	118	10516	10568	RenderThread	3	3
156905	118	10516	10582	mali-cmar-backe	6	1
158014	119	10516	10516	xample.test_one	1	3
158014	119	10516	10536	Binder:10516_3	4	1
158014	119	10516	10568	RenderThread	5	4
158014	119	10516	10582	mali-cmar-backe	3	1
159127	120	10516	10516	xample.test_one	2	3
159127	120	10516	10536	Binder:10516_3	2	1
159127	120	10516	10568	RenderThread	1	3
159127	120	10516	10582	mali-cmar-backe	3	1
160233	121	10516	10516	xample.test_one	5	4
160233	121	10516	10536	Binder:10516_3	3	2
160233	121	10516	10568	RenderThread	1	4
160233	121	10516	10582	mali-cmar-backe	2	1
161367	121	10516	10516	xample.test_one	6	4
161367	121	10516	10536	Binder:10516_3	0	2
161367	121	10516	10568	RenderThread	6	4
161367	121	10516	10582	mali-cmar-backe	1	1
162556	122	10516	10516	xample.test_one	0	4
162556	122	10516	10568	RenderThread	5	3
162556	122	10516	10582	mali-cmar-backe	5	1
162556	122	10516	14776	Binder:10516_6	6	2
163650	122	10516	10516	xample.test_one	2	4
163650	122	10516	10568	RenderThread	3	4
163650	122	10516	10582	mali-cmar-backe	0	1
163650	122	10516	14776	Binder:10516_6	2	2
164823	123	10516	10516	xample.test_one	4	4
164823	123	10516	10536	Binder:10516_3	6	1
164823	123	10516	10568	RenderThread	4	4
164823	123	10516	10582	mali-cmar-backe	1	1
164823	123	10516	14776	Binder:10516_6	3	2
166024	124	10516	10516	xample.test_one	7	4
166024	124	10516	10536	Binder:10516_3	2	2
166024	124	10516	10568	RenderThread	6	3
166024	124	10516	10582	mali-cmar-backe	4	1
167119	125	10516	10516	xample.test_one	6	4
167119	125	10516	10536	Binder:10516_3	0	2
167119	125	10516	10568	RenderThread	7	3
167119	125	10516	10582	mali-cmar-backe	0	1
168228	125	10516	10516	xample.test_one	6	4
168228	125	10516	10536	Binder:10516_3	1	1
168228	125	10516	10568	RenderThread	1	3
168228	125	10516	10582	mali-cmar-backe	2	1
169342	126	10516	10516	xample.test_one	3	4
169342	126	10516	10536	Binder:10516_3	3	2
169342	126	10516	10568	RenderThread	0	4
169342	126	10516	10582	mali-cmar-backe	2	1
170440	127	10516	10516	xample.test_one	1	4
170440	127	10516	10536	Binder:10516_3	0	2
170440	127	10516	10568	RenderThread	0	4
170440	127	10516	10582	mali-cmar-backe	6	1
171579	128	10516	10516	xample.test_one	0	4
171579	128	10516	10536	Binder:10516_3	6	1
171579	128	10516	10568	RenderThread	4	3
171579	128	10516	10582	mali-cmar-backe	2	1
172686	129	10516	10516	xample.test_one	5	4
172686	129	10516	10536	Binder:10516_3	0	1
172686	129	10516	10568	RenderThread	2	3
172686	129	10516	10582	mali-cmar-backe	0	1
173859	129	10516	10516	xample.test_one	0	4
173859	129	10516	10568	RenderThread	3	3
173859	129	10516	10582	mali-cmar-backe	1	1
173859	129	10516	14776	Binder:10516_6	0	1
175004	130	10516	10516	xample.test_one	2	3
175004	130	10516	10536	Binder:10516_3	4	1
175004	130	10516	10568	RenderThread	2	3
175004	130	10516	10582	mali-cmar-backe	2	1
175004	130	10516	14776	Binder:10516_6	2	2
176117	131	10516	10516	xample.test_one	4	4
176117	131	10516	10536	Binder:10516_3	5	2
176117	131	10516	10568	RenderThread	5	3
176117	131	10516	10582	mali-cmar-backe	4	1
177214	132	10516	10516	xample.test_one	1	4
177214	132	10516	10536	Binder:10516_3	0	1
177214	132	10516	10568	RenderThread	6	3
177214	132	10516	10582	mali-cmar-backe	2	1
178320	132	10516	10516	xample.test_one	6	4
178320	132	10516	10536	Binder:10516_3	2	2
178320	132	10516	10568	RenderThread	4	3
178320	132	10516	10582	mali-cmar-backe	0	1
179408	133	10516	10516	xample.test_one	7	4
179408	133	10516	10536	Binder:10516_3	7	2
179408	133	10516	10568	RenderThread	0	3
179408	133	10516	10582	mali-cmar-backe	3	1
180519	134	10516	10516	xample.test_one	4	4
180519	134	10516	10568	RenderThread	1	3
180519	134	10516	10582	mali-cmar-backe	2	1
180519	134	10516	14776	Binder:10516_6	2	1
181631	135	10516	10516	xample.test_one	0	4
181631	135	10516	10568	RenderThread	2	3
181631	135	10516	10582	mali-cmar-backe	7	1
181631	135	10516	14776	Binder:10516_6	0	2
182732	136	10516	10516	xample.test_one	6	3
182732	136	10516	10568	RenderThread	2	4
182732	136	10516	10582	mali-cmar-backe	4	1
182732	136	10516	14776	Binder:10516_6	5	1
183923	136	10516	10516	xample.test_one	5	3
183923	136	10516	10568	RenderThread	5	3
183923	136	10516	10582	mali-cmar-backe	2	1
183923	136	10516	14776	Binder:10516_6	5	1
185122	137	10516	10516	xample.test_one	3	3
185122	137	10516	10568	RenderThread	1	3
185122	137	10516	10582	mali-cmar-backe	1	1
185122	137	10516	14776	Binder:10516_6	6	3
186231	137	10516	10516	xample.test_one	2	3
186231	137	10516	10568	RenderThread	0	3
186231	137	10516	10582	mali-cmar-backe	3	1
186231	137	10516	14776	Binder:10516_6	7	1
187420	138	10516	10516	xample.test_one	3	3
187420	138	10516	10523	Jit thread pool	5	1
187420	138	10516	10568	RenderThread	5	3
187420	138	10516	10582	mali-cmar-backe	5	1
187420	138	10516	14776	Binder:10516_6	5	2
188570	138	10516	10516	xample.test_one	2	3
188570	138	10516	10568	RenderThread	2	3
188570	138	10516	10582	mali-cmar-backe	0	1
188570	138	10516	14776	Binder:10516_6	5	2
189731	138	10516	10516	xample.test_one	7	3
189731	138	10516	10568	RenderThread	5	4
189731	138	10516	10582	mali-cmar-backe	2	1
189731	138	10516	14776	Binder:10516_6	5	1
190906	139	10516	10516	xample.test_one	2	3
190906	139	10516	10568	RenderThread	1	4
190906	139	10516	10582	mali-cmar-backe	2	1
190906	139	10516	14776	Binder:10516_6	4	1
192014	140	10516	10516	xample.test_one	6	4
192014	140	10516	10568	RenderThread	0	4
192014	140	10516	10582	mali-cmar-backe	1	1
192014	140	10516	14776	Binder:10516_6	1	1
193129	140	10516	10516	xample.test_one	6	3
193129	140	10516	10568	RenderThread	2	3
193129	140	10516	10582	mali-cmar-backe	1	1
193129	140	10516	14776	Binder:10516_6	6	3
194237	141	10516	10516	xample.test_one	1	3
194237	141	10516	10568	RenderThread	3	4
194237	141	10516	10582	mali-cmar-backe	0	1
194237	141	10516	14776	Binder:10516_6	5	1
195348	142	10516	10516	xample.test_one	2	3
195348	142	10516	10568	RenderThread	3	3
195348	142	10516	10582	mali-cmar-backe	1	1
195348	142	10516	14776	Binder:10516_6	7	1
196460	143	10516	10516	xample.test_one	3	3
196460	143	10516	10568	RenderThread	2	3
196460	143	10516	10582	mali-cmar-backe	3	1
196460	143	10516	14776	Binder:10516_6	4	1
197557	144	10516	10516	xample.test_one	2	3
197557	144	10516	10568	RenderThread	6	3
197557	144	10516	10582	mali-cmar-backe	7	1
197557	144	10516	14776	Binder:10516_6	6	1
198650	144	10516	10516	xample.test_one	6	3
198650	144	10516	10568	RenderThread	7	4
198650	144	10516	10582	mali-cmar-backe	2	1
198650	144	10516	14776	Binder:10516_6	7	1
199775	145	10516	10516	xample.test_one	2	3
199775	145	10516	10568	RenderThread	6	3
199775	145	10516	10582	mali-cmar-backe	6	1
199775	145	10516	14776	Binder:10516_6	4	1
200896	146	10516	10516	xample.test_one	2	4
200896	146	10516	10568	RenderThread	1	3
200896	146	10516	10582	mali-cmar-backe	3	1
200896	146	10516	14776	Binder:10516_6	5	2
202003	147	10516	10516	xample.test_one	6	4
202003	147	10516	10568	RenderThread	0	3
202003	147	10516	10582	mali-cmar-backe	2	1
202003	147	10516	14776	Binder:10516_6	0	2
203118	148	10516	10516	xample.test_one	3	4
203118	148	10516	10568	RenderThread	6	3
203118	148	10516	10582	mali-cmar-backe	0	1
203118	148	10516	14776	Binder:10516_6	1	2
204236	149	10516	10516	xample.test_one	2	4
204236	149	10516	10568	RenderThread	2	3
204236	149	10516	10582	mali-cmar-backe	1	1
204236	149	10516	14776	Binder:10516_6	6	2
205347	149	10516	10516	xample.test_one	2	4
205347	149	10516	10568	RenderThread	2	3
205347	149	10516	10582	mali-cmar-backe	2	1
205347	149	10516	14776	Binder:10516_6	4	2
206467	150	10516	10516	xample.test_one	0	4
206467	150	10516	10568	RenderThread	1	3
206467	150	10516	10582	mali-cmar-backe	2	1
206467	150	10516	14776	Binder:10516_6	1	2
207599	151	10516	10516	xample.test_one	1	4
207599	151	10516	10568	RenderThread	6	4
207599	151	10516	10582	mali-cmar-backe	3	1
207599	151	10516	14776	Binder:10516_6	3	2
208713	152	10516	10516	xample.test_one	3	4
208713	152	10516	10568	RenderThread	0	3
208713	152	10516	10582	mali-cmar-backe	1	1
208713	152	10516	14776	Binder:10516_6	1	1
209824	153	10516	10516	xample.test_one	4	4
209824	153	10516	10568	RenderThread	4	3
209824	153	10516	10582	mali-cmar-backe	4	1
209824	153	10516	14776	Binder:10516_6	5	1
210913	153	10516	10516	xample.test_one	6	3
210913	153	10516	10568	RenderThread	5	3
210913	153	10516	10582	mali-cmar-backe	6	1
210913	153	10516	14776	Binder:10516_6	5	1
212027	154	10516	10516	xample.test_one	1	3
212027	154	10516	10568	RenderThread	6	3
212027	154	10516	10582	mali-cmar-backe	1	1
212027	154	10516	14776	Binder:10516_6	7	1
213118	155	10516	10516	xample.test_one	0	3
213118	155	10516	10568	RenderThread	7	3
213118	155	10516	10582	mali-cmar-backe	2	1
213118	155	10516	14776	Binder:10516_6	1	1
214224	156	10516	10516	xample.test_one	5	4
214224	156	10516	10568	RenderThread	2	3
214224	156	10516	10582	mali-cmar-backe	3	1
214224	156	10516	14776	Binder:10516_6	7	2
215376	156	10516	10516	xample.test_one	5	4
215376	156	10516	10568	RenderThread	7	3
215376	156	10516	10582	mali-cmar-backe	5	1
215376	156	10516	14776	Binder:10516_6	5	2
216523	157	10516	10516	xample.test_one	2	4
216523	157	10516	10568	RenderThread	5	3
216523	157	10516	10582	mali-cmar-backe	0	1
216523	157	10516	14776	Binder:10516_6	5	2
217638	158	10516	10516	xample.test_one	4	4
217638	158	10516	10568	RenderThread	4	3
217638	158	10516	10582	mali-cmar-backe	3	1
217638	158	10516	14776	Binder:10516_6	3	1
218748	159	10516	10516	xample.test_one	1	4
218748	159	10516	10568	RenderThread	2	3
218748	159	10516	10582	mali-cmar-backe	3	1
218748	159	10516	14776	Binder:10516_6	5	2
219838	159	10516	10516	xample.test_one	2	4
219838	159	10516	10568	RenderThread	5	3
219838	159	10516	10582	mali-cmar-backe	6	1
219838	159	10516	14776	Binder:10516_6	3	1
220946	160	10516	10516	xample.test_one	4	4
220946	160	10516	10568	RenderThread	3	3
220946	160	10516	10582	mali-cmar-backe	7	1
220946	160	10516	14776	Binder:10516_6	4	2
222036	161	10516	10516	xample.test_one	7	3
222036	161	10516	10568	RenderThread	0	3
222036	161	10516	10582	mali-cmar-backe	0	1
222036	161	10516	14776	Binder:10516_6	6	2
223146	162	10516	10516	xample.test_one	3	3
223146	162	10516	10568	RenderThread	2	3
223146	162	10516	10582	mali-cmar-backe	3	1
223146	162	10516	14776	Binder:10516_6	5	1
224222	163	10516	10516	xample.test_one	0	3
224222	163	10516	10568	RenderThread	3	3
224222	163	10516	10582	mali-cmar-backe	2	1
224222	163	10516	14776	Binder:10516_6	4	1
225333	164	10516	10516	xample.test_one	1	4
225333	164	10516	10568	RenderThread	2	3
225333	164	10516	10582	mali-cmar-backe	0	1
225333	164	10516	14776	Binder:10516_6	2	1
226507	164	10516	10516	xample.test_one	3	4
226507	164	10516	10568	RenderThread	0	3
226507	164	10516	10582	mali-cmar-backe	1	1
226507	164	10516	14776	Binder:10516_6	6	2
227576	165	10516	10516	xample.test_one	5	4
227576	165	10516	10568	RenderThread	0	3
227576	165	10516	10582	mali-cmar-backe	1	1
227576	165	10516	10618	Binder:10516_4	5	2
228689	166	10516	10516	xample.test_one	6	4
228689	166	10516	10568	RenderThread	0	3
228689	166	10516	10582	mali-cmar-backe	3	1
228689	166	10516	10618	Binder:10516_4	3	1
228689	166	10516	14776	Binder:10516_6	5	1
229784	167	10516	10516	xample.test_one	5	4
229784	167	10516	10568	RenderThread	7	3
229784	167	10516	10582	mali-cmar-backe	1	1
229784	167	10516	14776	Binder:10516_6	5	1
230883	168	10516	10516	xample.test_one	7	4
230883	168	10516	10568	RenderThread	6	3
230883	168	10516	10582	mali-cmar-backe	6	1
230883	168	10516	14776	Binder:10516_6	3	2
231976	168	10516	10516	xample.test_one	5	4
231976	168	10516	10568	RenderThread	6	3
231976	168	10516	10582	mali-cmar-backe	1	1
231976	168	10516	14776	Binder:10516_6	3	2
233066	169	10516	10516	xample.test_one	7	4
233066	169	10516	10568	RenderThread	1	3
233066	169	10516	10582	mali-cmar-backe	0	1
233066	169	10516	14776	Binder:10516_6	6	2
234151	170	10516	10516	xample.test_one	2	4
234151	170	10516	10568	RenderThread	0	3
234151	170	10516	10582	mali-cmar-backe	3	1
234151	170	10516	10618	Binder:10516_4	2	2
235246	171	10516	10516	xample.test_one	1	3
235246	171	10516	10568	RenderThread	0	3
235246	171	10516	10582	mali-cmar-backe	3	1
235246	171	10516	10618	Binder:10516_4	5	1
236339	172	10516	10516	xample.test_one	2	4
236339	172	10516	10568	RenderThread	0	4
236339	172	10516	10582	mali-cmar-backe	3	1
236339	172	10516	10618	Binder:10516_4	7	1
237432	172	10516	10516	xample.test_one	0	3
237432	172	10516	10568	RenderThread	2	3
237432	172	10516	10582	mali-cmar-backe	1	1
237432	172	10516	10618	Binder:10516_4	7	2
238526	173	10516	10516	xample.test_one	6	4
238526	173	10516	10568	RenderThread	2	3
238526	173	10516	10582	mali-cmar-backe	2	1
238526	173	10516	10618	Binder:10516_4	6	2
239758	174	10516	10516	xample.test_one	3	4
239758	174	10516	10568	RenderThread	1	3
239758	174	10516	10582	mali-cmar-backe	0	1
239758	174	10516	10618	Binder:10516_4	2	2
240886	175	10516	10516	xample.test_one	0	4
240886	175	10516	10568	RenderThread	3	3
240886	175	10516	10582	mali-cmar-backe	2	1
240886	175	10516	10618	Binder:10516_4	0	2
241984	176	10516	10516	xample.test_one	6	4
241984	176	10516	10568	RenderThread	2	3
241984	176	10516	10582	mali-cmar-backe	6	1
241984	176	10516	10618	Binder:10516_4	1	1
243127	176	10516	10516	xample.test_one	2	4
243127	176	10516	10568	RenderThread	0	3
243127	176	10516	10582	mali-cmar-backe	1	1
243127	176	10516	14776	Binder:10516_6	3	1
244259	177	10516	10516	xample.test_one	3	4
244259	177	10516	10568	RenderThread	6	3
244259	177	10516	10582	mali-cmar-backe	2	1
244259	177	10516	14776	Binder:10516_6	3	2
245385	178	10516	10516	xample.test_one	2	4
245385	178	10516	10568	RenderThread	3	3
245385	178	10516	10582	mali-cmar-backe	3	1
245385	178	10516	14776	Binder:10516_6	3	2
246465	179	10516	10516	xample.test_one	1	4
246465	179	10516	10568	RenderThread	3	3
246465	179	10516	10582	mali-cmar-backe	1	1
246465	179	10516	14776	Binder:10516_6	0	1
247590	179	10516	10516	xample.test_one	3	4
247590	179	10516	10568	RenderThread	1	3
247590	179	10516	10582	mali-cmar-backe	3	1
247590	179	10516	14776	Binder:10516_6	0	3
248730	180	10516	10516	xample.test_one	1	4
248730	180	10516	10568	RenderThread	7	4
248730	180	10516	10582	mali-cmar-backe	4	1
248730	180	10516	14776	Binder:10516_6	6	2
249830	181	10516	10516	xample.test_one	0	3
249830	181	10516	10568	RenderThread	1	3
249830	181	10516	10582	mali-cmar-backe	5	1
249830	181	10516	14776	Binder:10516_6	6	1
250940	182	10516	10516	xample.test_one	1	4
250940	182	10516	10568	RenderThread	7	3
250940	182	10516	10582	mali-cmar-backe	2	1
250940	182	10516	14776	Binder:10516_6	5	1
252037	182	10516	10516	xample.test_one	7	3
252037	182	10516	10568	RenderThread	1	3
252037	182	10516	10582	mali-cmar-backe	3	1
252037	182	10516	14776	Binder:10516_6	0	2
253127	183	10516	10516	xample.test_one	6	4
253127	183	10516	10568	RenderThread	2	3
253127	183	10516	10582	mali-cmar-backe	2	1
253127	183	10516	14776	Binder:10516_6	2	2
254249	184	10516	10516	xample.test_one	3	4
254249	184	10516	10568	RenderThread	1	3
254249	184	10516	10582	mali-cmar-backe	0	1
254249	184	10516	14776	Binder:10516_6	2	1
255345	185	10516	10516	xample.test_one	2	4
255345	185	10516	10568	RenderThread	2	3
255345	185	10516	10582	mali-cmar-backe	7	1
255345	185	10516	14776	Binder:10516_6	1	2
256453	185	10516	10516	xample.test_one	5	4
256453	185	10516	10568	RenderThread	4	3
256453	185	10516	10582	mali-cmar-backe	5	1
256453	185	10516	14776	Binder:10516_6	3	2
257530	186	10516	10516	xample.test_one	1	4
257530	186	10516	10568	RenderThread	3	3
257530	186	10516	10582	mali-cmar-backe	1	1
257530	186	10516	14776	Binder:10516_6	0	2
258631	187	10516	10516	xample.test_one	3	4
258631	187	10516	10568	RenderThread	5	3
258631	187	10516	10582	mali-cmar-backe	1	1
258631	187	10516	14776	Binder:10516_6	4	2
259711	188	10516	10516	xample.test_one	0	4
259711	188	10516	10568	RenderThread	2	3
259711	188	10516	10582	mali-cmar-backe	0	1
259711	188	10516	14776	Binder:10516_6	4	2
260824	189	10516	10516	xample.test_one	0	4
260824	189	10516	10568	RenderThread	2	3
260824	189	10516	10582	mali-cmar-backe	6	1
260824	189	10516	14776	Binder:10516_6	4	2
261905	190	10516	10516	xample.test_one	3	3
261905	190	10516	10568	RenderThread	6	3
261905	190	10516	10582	mali-cmar-backe	0	1
261905	190	10516	14776	Binder:10516_6	5	1
262994	190	10516	10516	xample.test_one	3	3
262994	190	10516	10568	RenderThread	3	3
262994	190	10516	10582	mali-cmar-backe	3	1
262994	190	10516	14776	Binder:10516_6	5	1
264102	191	10516	10516	xample.test_one	0	4
264102	191	10516	10568	RenderThread	1	3
264102	191	10516	10582	mali-cmar-backe	3	1
264102	191	10516	14776	Binder:10516_6	4	1
265212	192	10516	10516	xample.test_one	7	4
265212	192	10516	10568	RenderThread	1	4
265212	192	10516	10582	mali-cmar-backe	2	1
265212	192	10516	14776	Binder:10516_6	3	2
266388	193	10516	10516	xample.test_one	7	4
266388	193	10516	10568	RenderThread	1	3
266388	193	10516	10582	mali-cmar-backe	3	1
266388	193	10516	14776	Binder:10516_6	2	2
267530	193	10516	10516	xample.test_one	2	4
267530	193	10516	10568	RenderThread	4	3
267530	193	10516	10582	mali-cmar-backe	3	1
267530	193	10516	14776	Binder:10516_6	3	2
268627	194	10516	10516	xample.test_one	5	4
268627	194	10516	10568	RenderThread	2	3
268627	194	10516	10582	mali-cmar-backe	0	1
268627	194	10516	14776	Binder:10516_6	3	2
269787	195	10516	10516	xample.test_one	2	4
269787	195	10516	10568	RenderThread	3	3
269787	195	10516	10582	mali-cmar-backe	3	1
269787	195	10516	14776	Binder:10516_6	4	2
270902	196	10516	10516	xample.test_one	2	4
270902	196	10516	10568	RenderThread	1	3
270902	196	10516	10582	mali-cmar-backe	0	1
270902	196	10516	14776	Binder:10516_6	3	2
272012	197	10516	10516	xample.test_one	5	4
272012	197	10516	10568	RenderThread	1	3
272012	197	10516	10582	mali-cmar-backe	2	1
272012	197	10516	14776	Binder:10516_6	3	2
273102	197	10516	10516	xample.test_one	3	4
273102	197	10516	10568	RenderThread	5	3
273102	197	10516	10582	mali-cmar-backe	0	1
273102	197	10516	14776	Binder:10516_6	0	1
274215	198	10516	10516	xample.test_one	1	3
274215	198	10516	10568	RenderThread	3	3
274215	198	10516	10582	mali-cmar-backe	0	1
274215	198	10516	14776	Binder:10516_6	5	1
275311	199	10516	10516	xample.test_one	6	3
275311	199	10516	10568	RenderThread	4	3
275311	199	10516	10582	mali-cmar-backe	3	1
275311	199	10516	14776	Binder:10516_6	5	1
276407	200	10516	10516	xample.test_one	6	3
276407	200	10516	10568	RenderThread	7	3
276407	200	10516	10582	mali-cmar-backe	6	1
276407	200	10516	14776	Binder:10516_6	7	1
277539	200	10516	10516	xample.test_one	4	3
277539	200	10516	10568	RenderThread	4	3
277539	200	10516	10582	mali-cmar-backe	3	1
277539	200	10516	14776	Binder:10516_6	6	1
278802	200	10516	10516	xample.test_one	4	3
278802	200	10516	10568	RenderThread	7	3
278802	200	10516	10582	mali-cmar-backe	3	1
278802	200	10516	14776	Binder:10516_6	6	1
280083	201	10516	10516	xample.test_one	5	3
280083	201	10516	10568	RenderThread	5	3
280083	201	10516	10582	mali-cmar-backe	1	1
280083	201	10516	14776	Binder:10516_6	3	3
281195	201	10516	10516	xample.test_one	6	3
281195	201	10516	10568	RenderThread	1	3
281195	201	10516	10582	mali-cmar-backe	5	1
281195	201	10516	14776	Binder:10516_6	4	2
282372	202	10516	10516	xample.test_one	7	4
282372	202	10516	10535	Binder:10516_2	3	2
282372	202	10516	10568	RenderThread	4	4
282372	202	10516	10582	mali-cmar-backe	6	1
283529	202	10516	10516	xample.test_one	1	4
283529	202	10516	10535	Binder:10516_2	5	2
283529	202	10516	10568	RenderThread	1	3
283529	202	10516	10582	mali-cmar-backe	6	1
284685	203	10516	10516	xample.test_one	2	4
284685	203	10516	10536	Binder:10516_3	0	2
284685	203	10516	10568	RenderThread	1	3
284685	203	10516	10582	mali-cmar-backe	3	1
285858	203	10516	10516	xample.test_one	1	4
285858	203	10516	10536	Binder:10516_3	6	2
285858	203	10516	10568	RenderThread	1	3
285858	203	10516	10582	mali-cmar-backe	2	1
287028	204	10516	10516	xample.test_one	6	2
287028	204	10516	10535	Binder:10516_2	6	1
287028	204	10516	10536	Binder:10516_3	2	1
287028	204	10516	10568	RenderThread	4	1
288168	205	10516	10516	xample.test_one	1	2
288168	205	10516	10535	Binder:10516_2	5	3
289304	205	10516	10535	Binder:10516_2	7	1
290412	206	10516	10535	Binder:10516_2	7	1
291492	207	10516	10535	Binder:10516_2	3	1
292713	208	10516	10535	Binder:10516_2	4	1
293779	209	10516	10535	Binder:10516_2	0	1
294914	210	10516	10535	Binder:10516_2	4	2
296022	211	10516	10535	Binder:10516_2	3	1
296022	211	10516	10536	Binder:10516_3	4	1
297106	212	10516	10536	Binder:10516_3	6	1
298186	213	10516	10535	Binder:10516_2	4	2
299250	214	10516	10535	Binder:10516_2	5	1
300344	215	10516	10535	Binder:10516_2	5	1
301441	216	10516	14776	Binder:10516_6	7	1
302566	217	10516	14776	Binder:10516_6	2	1
303666	218	10516	14776	Binder:10516_6	7	1
304733	219	10516	14776	Binder:10516_6	6	1
305843	220	10516	14776	Binder:10516_6	4	1
306925	221	10516	14776	Binder:10516_6	1	1
308019	222	10516	10536	Binder:10516_3	5	2
309137	223	10516	10536	Binder:10516_3	5	1
310258	224	10516	10536	Binder:10516_3	6	2
311415	224	10516	10536	Binder:10516_3	5	1
312545	225	10516	10536	Binder:10516_3	6	1
313638	226	10516	10536	Binder:10516_3	6	1
314721	227	10516	10536	Binder:10516_3	4	2
315840	228	10516	10536	Binder:10516_3	4	1
316937	229	10516	10536	Binder:10516_3	0	1
318046	230	10516	10536	Binder:10516_3	0	1
319130	231	10516	10536	Binder:10516_3	7	1
320240	232	10516	10536	Binder:10516_3	1	2
321352	233	10516	10536	Binder:10516_3	6	2
322462	234	10516	14776	Binder:10516_6	4	1
323616	235	10516	14776	Binder:10516_6	2	1
324694	237	10516	14776	Binder:10516_6	7	1
325802	238	10516	14776	Binder:10516_6	5	1
326900	238	10516	14776	Binder:10516_6	5	1
327999	240	10516	14776	Binder:10516_6	4	2
329140	240	10516	14776	Binder:10516_6	3	1
330227	242	10516	14776	Binder:10516_6	2	2
331314	243	10516	14776	Binder:10516_6	7	2
332411	243	10516	14776	Binder:10516_6	5	1
333491	244	10516	14776	Binder:10516_6	4	1
334580	245	10516	14776	Binder:10516_6	5	1
335692	246	10516	14776	Binder:10516_6	0	1
336823	247	10516	14776	Binder:10516_6	6	1
337963	249	10516	14776	Binder:10516_6	0	1
339061	250	10516	14776	Binder:10516_6	5	2
340220	251	10516	14776	Binder:10516_6	4	1
341301	252	10516	14776	Binder:10516_6	4	2
342399	253	10516	14776	Binder:10516_6	5	2
343512	254	10516	14776	Binder:10516_6	4	1
344593	255	10516	14776	Binder:10516_6	3	2
345706	256	10516	14776	Binder:10516_6	4	1
346771	257	10516	14776	Binder:10516_6	3	1
347865	258	10516	14776	Binder:10516_6	4	1
348962	259	10516	14776	Binder:10516_6	6	1
350040	260	10516	14776	Binder:10516_6	7	1
351135	261	10516	14776	Binder:10516_6	6	1
352235	262	10516	10618	Binder:10516_4	5	1
353345	263	10516	10618	Binder:10516_4	7	1
354415	264	10516	10618	Binder:10516_4	5	2
355493	265	10516	10618	Binder:10516_4	4	1
356571	266	10516	10618	Binder:10516_4	6	2
357649	267	10516	10618	Binder:10516_4	2	2
358762	268	10516	10618	Binder:10516_4	5	1
359870	269	10516	10618	Binder:10516_4	6	1
360979	270	10516	10618	Binder:10516_4	7	1
362045	271	10516	10618	Binder:10516_4	0	1
363152	272	10516	10536	Binder:10516_3	0	2
364291	273	10516	10536	Binder:10516_3	4	1
365386	274	10516	10618	Binder:10516_4	7	2
366484	275	10516	10618	Binder:10516_4	5	2
367595	276	10516	10618	Binder:10516_4	5	2
368704	277	10516	10618	Binder:10516_4	7	1
369812	279	10516	10618	Binder:10516_4	7	1
370932	280	10516	10618	Binder:10516_4	3	1
372013	281	10516	10536	Binder:10516_3	6	1
373094	282	10516	10536	Binder:10516_3	6	1
374178	283	10516	10536	Binder:10516_3	3	1
375286	284	10516	10536	Binder:10516_3	2	2
376394	285	10516	10536	Binder:10516_3	4	1
377473	286	10516	10536	Binder:10516_3	5	1
378539	287	10516	10536	Binder:10516_3	1	1
379659	288	10516	11176	Binder:10516_5	6	2
380738	289	10516	11176	Binder:10516_5	4	1
381850	290	10516	14776	Binder:10516_6	0	2
382948	291	10516	14776	Binder:10516_6	4	1
384014	292	10516	14776	Binder:10516_6	4	1
385095	293	10516	14776	Binder:10516_6	4	1
386210	294	10516	14776	Binder:10516_6	1	1
387307	295	10516	10618	Binder:10516_4	4	1
388404	296	10516	10618	Binder:10516_4	2	1
389503	297	10516	14776	Binder:10516_6	1	2
390585	298	10516	14776	Binder:10516_6	7	2
391665	299	10516	11176	Binder:10516_5	0	1
391665	299	10516	14776	Binder:10516_6	2	1
392775	301	10516	11176	Binder:10516_5	7	2
393849	302	10516	11176	Binder:10516_5	6	1
394941	303	10516	11176	Binder:10516_5	7	1
396037	304	10516	10618	Binder:10516_4	5	1
397129	305	10516	14776	Binder:10516_6	6	1
398221	306	10516	14776	Binder:10516_6	6	1
399305	307	10516	14776	Binder:10516_6	4	1
400396	308	10516	14776	Binder:10516_6	4	1
401524	309	10516	14776	Binder:10516_6	4	1
402613	310	10516	14776	Binder:10516_6	6	1
403752	311	10516	14776	Binder:10516_6	4	2
404820	311	10516	14776	Binder:10516_6	6	2
405953	312	10516	14776	Binder:10516_6	5	1
407060	314	10516	10618	Binder:10516_4	5	1
408196	315	10516	10618	Binder:10516_4	0	1
409293	316	10516	10618	Binder:10516_4	6	1
410431	316	10516	10618	Binder:10516_4	6	1
411589	317	10516	10618	Binder:10516_4	7	1
412746	317	10516	10618	Binder:10516_4	6	1
413987	318	10516	10618	Binder:10516_4	4	3
415096	319	10516	10618	Binder:10516_4	4	1
416205	319	10516	10618	Binder:10516_4	7	1
417331	320	10516	10618	Binder:10516_4	5	1
418457	322	10516	10618	Binder:10516_4	3	1
419586	323	10516	11176	Binder:10516_5	6	1
420676	323	10516	11176	Binder:10516_5	5	1
421816	324	10516	11176	Binder:10516_5	6	1
422911	325	10516	11176	Binder:10516_5	1	1
424006	326	10516	11176	Binder:10516_5	3	1
424006	326	10516	14776	Binder:10516_6	7	1
425070	327	10516	14776	Binder:10516_6	5	1
426168	328	10516	14776	Binder:10516_6	5	1
427249	329	10516	14776	Binder:10516_6	4	1
428342	330	10516	14776	Binder:10516_6	4	1
429422	331	10516	14776	Binder:10516_6	1	1
430551	332	10516	10536	Binder:10516_3	3	2
431644	333	10516	10536	Binder:10516_3	5	1
432762	334	10516	10536	Binder:10516_3	3	1
433890	335	10516	14776	Binder:10516_6	4	1
435029	336	10516	14776	Binder:10516_6	5	2
436143	337	10516	14776	Binder:10516_6	6	2
437230	338	10516	10536	Binder:10516_3	6	1
438320	339	10516	10536	Binder:10516_3	4	2
439434	340	10516	10536	Binder:10516_3	5	1
440510	341	10516	10536	Binder:10516_3	5	1
441616	342	10516	10536	Binder:10516_3	3	1
442723	343	10516	10536	Binder:10516_3	7	1
443822	344	10516	10536	Binder:10516_3	4	1
444984	345	10516	10536	Binder:10516_3	6	1
446158	345	10516	10536	Binder:10516_3	4	2
447282	346	10516	10536	Binder:10516_3	6	2
448347	347	10516	10536	Binder:10516_3	7	1
449425	348	10516	10536	Binder:10516_3	4	1
450598	349	10516	10536	Binder:10516_3	4	1
451770	349	10516	10536	Binder:10516_3	5	1
452942	350	10516	10536	Binder:10516_3	4	1
454093	350	10516	10536	Binder:10516_3	4	1
455202	351	10516	10536	Binder:10516_3	7	2
456328	352	10516	10536	Binder:10516_3	5	2
457409	353	10516	10536	Binder:10516_3	4	1
458474	354	10516	10536	Binder:10516_3	6	1
459568	355	10516	10536	Binder:10516_3	5	1
460678	356	10516	10536	Binder:10516_3	4	1
461803	357	10516	10536	Binder:10516_3	6	1
462915	358	10516	10536	Binder:10516_3	4	1
464125	359	10516	10536	Binder:10516_3	1	1
465280	360	10516	10536	Binder:10516_3	4	2
466391	361	10516	10536	Binder:10516_3	6	2
467489	362	10516	10536	Binder:10516_3	5	1
468607	363	10516	10536	Binder:10516_3	1	2
469746	364	10516	10536	Binder:10516_3	7	1
470846	365	10516	10536	Binder:10516_3	6	1
471937	366	10516	10536	Binder:10516_3	7	1
473016	367	10516	10536	Binder:10516_3	6	1
474215	368	10516	10536	Binder:10516_3	6	1
475325	369	10516	10536	Binder:10516_3	7	2
476422	370	10516	10536	Binder:10516_3	5	2
477504	371	10516	10536	Binder:10516_3	5	1
478592	372	10516	10536	Binder:10516_3	7	1
479731	373	10516	10536	Binder:10516_3	4	1
480839	374	10516	10536	Binder:10516_3	5	1
481947	375	10516	10536	Binder:10516_3	6	1
483042	375	10516	10536	Binder:10516_3	5	2
484138	376	10516	10536	Binder:10516_3	7	1
485233	377	10516	10536	Binder:10516_3	5	1
486361	378	10516	10536	Binder:10516_3	6	1
487491	379	10516	10536	Binder:10516_3	2	2
488648	380	10516	10536	Binder:10516_3	4	2
489739	381	10516	10618	Binder:10516_4	4	1
490849	382	10516	10618	Binder:10516_4	5	1
491958	383	10516	10618	Binder:10516_4	1	1
493080	384	10516	10618	Binder:10516_4	1	2
494207	385	10516	10535	Binder:10516_2	4	1
495284	386	10516	10535	Binder:10516_2	4	1
496397	387	10516	10618	Binder:10516_4	4	1
497508	388	10516	10535	Binder:10516_2	5	1
497508	388	10516	10618	Binder:10516_4	2	2
498620	389	10516	10535	Binder:10516_2	0	1
499745	390	10516	10535	Binder:10516_2	5	1
500827	391	10516	10535	Binder:10516_2	2	1
501919	392	10516	10618	Binder:10516_4	5	1
503044	393	10516	10618	Binder:10516_4	6	1
504159	394	10516	10618	Binder:10516_4	7	1
505271	395	10516	10535	Binder:10516_2	3	2
506388	396	10516	10535	Binder:10516_2	4	1
507497	397	10516	10618	Binder:10516_4	6	1
508609	398	10516	10618	Binder:10516_4	0	1
509693	399	10516	14776	Binder:10516_6	1	3
510826	400	10516	14776	Binder:10516_6	4	2
511907	401	10516	10536	Binder:10516_3	1	2
513019	403	10516	10536	Binder:10516_3	3	1
514098	404	10516	10536	Binder:10516_3	4	1
515211	405	10516	10536	Binder:10516_3	1	1
516309	406	10516	7048	Binder:10516_7	4	1
517401	407	10516	7048	Binder:10516_7	5	1
518518	408	10516	7048	Binder:10516_7	6	1
519611	409	10516	7048	Binder:10516_7	4	1
520691	410	10516	7048	Binder:10516_7	3	1
521788	411	10516	10536	Binder:10516_3	5	2
522894	412	10516	7048	Binder:10516_7	4	2
524003	413	10516	7048	Binder:10516_7	4	1
525112	414	10516	7048	Binder:10516_7	7	1
526193	415	10516	7048	Binder:10516_7	6	1
527280	416	10516	7048	Binder:10516_7	1	1
528421	417	10516	7048	Binder:10516_7	4	1
529544	418	10516	7048	Binder:10516_7	7	1
530636	419	10516	7048	Binder:10516_7	6	1
531739	420	10516	7048	Binder:10516_7	5	1
532851	421	10516	7048	Binder:10516_7	6	2
533963	421	10516	14776	Binder:10516_6	7	1
535026	423	10516	14776	Binder:10516_6	5	1
536151	424	10516	14776	Binder:10516_6	2	2
537262	425	10516	14776	Binder:10516_6	6	1
538374	426	10516	14776	Binder:10516_6	7	1
539496	426	10516	7048	Binder:10516_7	6	1
540562	427	10516	7048	Binder:10516_7	4	1
541639	427	10516	7048	Binder:10516_7	1	1
542737	428	10516	7048	Binder:10516_7	6	1
543818	428	10516	7048	Binder:10516_7	2	1
544895	428	10516	14776	Binder:10516_6	4	1
545976	429	10516	14776	Binder:10516_6	5	2
547100	429	10516	7048	Binder:10516_7	6	1
548231	430	10516	7048	Binder:10516_7	4	1
549339	430	10516	7048	Binder:10516_7	4	1
550448	431	10516	7048	Binder:10516_7	5	1
551627	431	10516	7048	Binder:10516_7	1	1
552825	431	10516	7048	Binder:10516_7	5	1
553920	432	10516	7048	Binder:10516_7	3	1
555042	432	10516	7048	Binder:10516_7	4	1
556152	433	10516	7048	Binder:10516_7	5	2
557252	433	10516	7048	Binder:10516_7	5	1
558346	434	10516	14776	Binder:10516_6	6	2
559473	435	10516	14776	Binder:10516_6	4	1
560589	436	10516	14776	Binder:10516_6	1	2
561686	437	10516	14776	Binder:10516_6	7	1
562751	438	10516	14776	Binder:10516_6	7	1
563893	439	10516	14776	Binder:10516_6	7	1
564963	440	10516	14776	Binder:10516_6	5	2
566037	441	10516	14776	Binder:10516_6	1	2
567164	442	10516	14776	Binder:10516_6	3	1
567164	442	10516	7048	Binder:10516_7	5	1
568260	443	10516	7048	Binder:10516_7	4	1
569336	444	10516	7048	Binder:10516_7	6	1
570429	445	10516	7048	Binder:10516_7	6	1
571496	446	10516	7048	Binder:10516_7	4	1
572562	447	10516	7048	Binder:10516_7	2	1
573669	448	10516	10536	Binder:10516_3	0	1
574782	449	10516	10536	Binder:10516_3	7	1
575882	450	10516	10536	Binder:10516_3	2	1
576968	451	10516	7048	Binder:10516_7	6	1
578046	453	10516	7048	Binder:10516_7	6	1
579160	454	10516	7048	Binder:10516_7	4	2
580292	455	10516	7048	Binder:10516_7	4	2
581359	456	10516	7048	Binder:10516_7	3	2
582438	457	10516	7048	Binder:10516_7	7	1
583537	458	10516	7048	Binder:10516_7	6	1
584600	459	10516	7048	Binder:10516_7	2	1
585708	460	10516	7048	Binder:10516_7	4	2
586792	461	10516	14776	Binder:10516_6	4	1
587876	462	10516	14776	Binder:10516_6	3	1
588987	463	10516	14776	Binder:10516_6	7	1
590085	464	10516	7048	Binder:10516_7	1	1
591165	465	10516	7048	Binder:10516_7	4	1
592236	466	10516	14776	Binder:10516_6	7	1
592236	466	10516	7048	Binder:10516_7	6	1
593366	467	10516	14776	Binder:10516_6	4	2
594480	468	10516	14776	Binder:10516_6	3	2
595589	469	10516	14776	Binder:10516_6	2	1
596669	471	10516	14776	Binder:10516_6	5	1
597791	472	10516	14776	Binder:10516_6	4	1
598921	473	10516	10535	Binder:10516_2	1	2
600001	474	10516	10535	Binder:10516_2	4	1
601128	475	10516	10535	Binder:10516_2	1	1
602265	476	10516	7048	Binder:10516_7	5	1
603375	477	10516	7048	Binder:10516_7	3	1
604454	478	10516	7048	Binder:10516_7	6	3
605552	479	10516	10535	Binder:10516_2	5	1
606643	480	10516	10535	Binder:10516_2	3	2
607742	481	10516	10535	Binder:10516_2	4	1
608851	482	10516	7048	Binder:10516_7	4	1
609929	483	10516	7048	Binder:10516_7	1	1
611035	484	10516	7048	Binder:10516_7	5	2
612101	485	10516	7048	Binder:10516_7	7	1
613234	486	10516	7048	Binder:10516_7	1	1
614338	488	10516	7048	Binder:10516_7	4	2
615435	489	10516	7048	Binder:10516_7	0	1
616534	490	10516	7048	Binder:10516_7	5	3
617631	491	10516	7048	Binder:10516_7	7	1
618694	492	10516	7048	Binder:10516_7	4	1
619757	493	10516	7048	Binder:10516_7	5	1
620850	494	10516	7048	Binder:10516_7	5	2
621960	495	10516	7048	Binder:10516_7	1	2
623089	496	10516	7048	Binder:10516_7	6	1
624197	497	10516	7048	Binder:10516_7	7	1
625276	498	10516	7048	Binder:10516_7	6	2
626399	499	10516	14776	Binder:10516_6	5	1
627505	500	10516	14776	Binder:10516_6	2	1
628618	502	10516	14776	Binder:10516_6	4	1
629715	503	10516	14776	Binder:10516_6	5	3
630798	504	10516	10536	Binder:10516_3	4	2
631876	505	10516	10536	Binder:10516_3	7	1
632958	506	10516	10536	Binder:10516_3	6	1
634018	507	10516	10536	Binder:10516_3	6	1
635129	508	10516	10536	Binder:10516_3	6	1
636227	509	10516	10536	Binder:10516_3	6	1
637293	510	10516	10536	Binder:10516_3	0	1
638377	511	10516	7048	Binder:10516_7	6	1
639455	512	10516	7048	Binder:10516_7	4	1
640536	513	10516	10536	Binder:10516_3	5	1
641639	514	10516	10536	Binder:10516_3	5	2
642780	515	10516	10536	Binder:10516_3	6	1
643857	516	10516	14776	Binder:10516_6	1	2
644969	517	10516	14776	Binder:10516_6	5	1
646065	518	10516	14776	Binder:10516_6	4	1
647166	520	10516	10536	Binder:10516_3	3	2
648276	520	10516	10536	Binder:10516_3	5	1
649361	522	10516	10536	Binder:10516_3	6	1
650487	523	10516	10536	Binder:10516_3	5	1
651601	524	10516	10536	Binder:10516_3	1	1
652712	525	10516	10536	Binder:10516_3	6	1
653810	526	10516	10535	Binder:10516_2	6	1
653810	526	10516	10536	Binder:10516_3	2	1
654913	527	10516	10535	Binder:10516_2	4	1
655993	528	10516	10535	Binder:10516_2	5	1
657091	529	10516	10535	Binder:10516_2	6	1
658215	530	10516	10535	Binder:10516_2	4	1
659283	531	10516	10535	Binder:10516_2	1	1
660396	532	10516	10536	Binder:10516_3	3	1
661493	533	10516	10536	Binder:10516_3	0	1
662621	534	10516	10536	Binder:10516_3	4	2
663716	535	10516	10536	Binder:10516_3	1	1
664813	537	10516	10536	Binder:10516_3	5	2
665909	538	10516	10536	Binder:10516_3	0	1
667000	539	10516	10536	Binder:10516_3	5	2
668095	540	10516	10536	Binder:10516_3	7	1
669181	541	10516	10536	Binder:10516_3	5	1
670276	542	10516	10536	Binder:10516_3	4	1
671353	543	10516	10536	Binder:10516_3	4	1
672462	544	10516	10536	Binder:10516_3	3	1
673605	545	10516	10536	Binder:10516_3	6	1
674686	546	10516	10536	Binder:10516_3	0	1
675802	547	10516	14776	Binder:10516_6	3	2
676924	548	10516	14776	Binder:10516_6	2	1
678017	549	10516	11176	Binder:10516_5	4	1
678017	549	10516	14776	Binder:10516_6	2	2
679118	551	10516	11176	Binder:10516_5	4	1
680199	552	10516	11176	Binder:10516_5	1	1
681299	553	10516	10536	Binder:10516_3	6	1
682392	554	10516	10536	Binder:10516_3	6	1
683485	555	10516	10536	Binder:10516_3	2	1
684581	556	10516	10536	Binder:10516_3	5	1
685679	557	10516	10536	Binder:10516_3	6	1
686760	558	10516	10536	Binder:10516_3	5	1
687842	559	10516	11176	Binder:10516_5	3	2
688921	560	10516	11176	Binder:10516_5	5	1
690014	561	10516	11176	Binder:10516_5	1	2
691137	562	10516	11176	Binder:10516_5	5	2
692265	563	10516	11176	Binder:10516_5	7	1
693356	564	10516	11176	Binder:10516_5	4	1
694462	565	10516	11176	Binder:10516_5	6	1
695590	566	10516	11176	Binder:10516_5	7	1
696666	567	10516	11176	Binder:10516_5	1	2
697748	569	10516	11176	Binder:10516_5	1	2
698903	570	10516	11176	Binder:10516_5	6	1
700000	571	10516	11176	Binder:10516_5	2	2
701095	572	10516	11176	Binder:10516_5	1	1
701095	572	10516	14776	Binder:10516_6	7	1
702175	573	10516	14776	Binder:10516_6	7	2
703255	574	10516	14776	Binder:10516_6	6	2
704337	575	10516	14776	Binder:10516_6	5	1
705432	576	10516	14776	Binder:10516_6	5	1
706540	577	10516	10536	Binder:10516_3	7	2
707655	578	10516	10536	Binder:10516_3	5	1
708723	579	10516	10536	Binder:10516_3	0	2
709821	581	10516	10536	Binder:10516_3	6	1
710891	582	10516	10536	Binder:10516_3	5	1
711998	583	10516	14776	Binder:10516_6	3	1
713105	584	10516	14776	Binder:10516_6	7	1
714189	585	10516	14776	Binder:10516_6	6	1
715307	586	10516	14776	Binder:10516_6	4	2
716461	586	10516	14776	Binder:10516_6	7	1
717696	587	10516	14776	Binder:10516_6	5	1
718800	588	10516	14776	Binder:10516_6	6	1
719930	589	10516	14776	Binder:10516_6	4	2
721070	590	10516	14776	Binder:10516_6	1	1
722169	591	10516	14776	Binder:10516_6	0	1
723266	592	10516	14776	Binder:10516_6	4	3
724364	593	10516	11176	Binder:10516_5	5	1
725450	594	10516	11176	Binder:10516_5	4	2
726552	595	10516	11176	Binder:10516_5	5	1
727714	596	10516	14776	Binder:10516_6	6	1
728854	597	10516	14776	Binder:10516_6	7	1
729966	597	10516	14776	Binder:10516_6	4	1
731094	598	10516	14776	Binder:10516_6	7	1
732223	598	10516	14776	Binder:10516_6	4	1
733329	599	10516	14776	Binder:10516_6	4	2
734426	600	10516	14776	Binder:10516_6	6	1
735550	601	10516	14776	Binder:10516_6	5	1
736664	602	10516	14776	Binder:10516_6	7	1
737774	603	10516	14776	Binder:10516_6	5	1
738866	604	10516	14776	Binder:10516_6	1	1
739931	605	10516	10536	Binder:10516_3	6	2
741025	606	10516	10536	Binder:10516_3	3	1
742144	607	10516	10536	Binder:10516_3	7	1
743242	608	10516	10536	Binder:10516_3	4	1
744390	608	10516	11176	Binder:10516_5	5	2
745507	609	10516	11176	Binder:10516_5	6	2
746611	610	10516	11176	Binder:10516_5	6	2
747720	611	10516	11176	Binder:10516_5	4	2
748789	612	10516	11176	Binder:10516_5	7	1
749885	613	10516	11176	Binder:10516_5	4	2
751026	614	10516	11176	Binder:10516_5	4	1
752136	615	10516	11176	Binder:10516_5	6	1
753246	616	10516	11176	Binder:10516_5	4	1
754401	617	10516	11176	Binder:10516_5	5	1
755495	618	10516	11176	Binder:10516_5	2	2
756595	619	10516	11176	Binder:10516_5	6	3
757709	620	10516	11176	Binder:10516_5	7	1
758800	621	10516	11176	Binder:10516_5	5	1
759886	623	10516	11176	Binder:10516_5	1	1
761008	624	10516	11176	Binder:10516_5	4	1
762094	625	10516	11176	Binder:10516_5	7	1
763201	626	10516	11176	Binder:10516_5	6	1
764284	627	10516	11176	Binder:10516_5	2	2
765438	628	10516	11176	Binder:10516_5	2	1
766535	629	10516	11176	Binder:10516_5	0	1
767644	630	10516	11176	Binder:10516_5	7	1
768775	631	10516	11176	Binder:10516_5	6	2
769879	632	10516	11176	Binder:10516_5	6	1
770971	633	10516	11176	Binder:10516_5	5	1
772050	634	10516	11176	Binder:10516_5	1	1
773158	635	10516	11176	Binder:10516_5	0	2
774252	636	10516	11176	Binder:10516_5	1	1
775345	637	10516	11176	Binder:10516_5	3	1
776472	638	10516	11176	Binder:10516_5	4	2
777580	639	10516	11176	Binder:10516_5	2	1
778677	640	10516	14776	Binder:10516_6	7	2
779745	641	10516	14776	Binder:10516_6	3	2
780856	642	10516	14776	Binder:10516_6	6	3
781967	643	10516	14776	Binder:10516_6	5	1
783051	644	10516	14776	Binder:10516_6	2	1
784149	645	10516	14776	Binder:10516_6	4	1
785283	646	10516	14776	Binder:10516_6	7	1
786423	646	10516	14776	Binder:10516_6	7	1
787610	647	10516	14776	Binder:10516_6	4	1
788709	648	10516	14776	Binder:10516_6	6	1
789836	648	10516	14776	Binder:10516_6	4	2
790922	649	10516	14776	Binder:10516_6	4	2
792047	650	10516	14776	Binder:10516_6	5	1
793128	650	10516	14776	Binder:10516_6	6	1
794204	651	10516	14776	Binder:10516_6	5	1
795334	653	10516	14776	Binder:10516_6	6	1
796460	653	10516	14776	Binder:10516_6	2	1
797569	654	10516	14776	Binder:10516_6	0	1
798713	656	10516	14776	Binder:10516_6	2	1
799839	657	10516	10618	Binder:10516_4	5	2
800936	658	10516	10618	Binder:10516_4	6	2
802049	658	10516	10618	Binder:10516_4	4	1
803173	659	10516	10618	Binder:10516_4	2	1
804286	660	10516	10618	Binder:10516_4	7	1
805400	661	10516	10618	Binder:10516_4	7	1
806515	662	10516	11176	Binder:10516_5	2	2
807599	663	10516	11176	Binder:10516_5	6	1
808713	664	10516	11176	Binder:10516_5	0	1
809793	665	10516	11176	Binder:10516_5	5	1
810922	666	10516	11176	Binder:10516_5	0	1
812049	667	10516	10536	Binder:10516_3	5	3
813124	669	10516	7048	Binder:10516_7	7	1
814202	670	10516	7048	Binder:10516_7	6	1
815280	671	10516	7048	Binder:10516_7	6	1
816388	672	10516	7048	Binder:10516_7	0	1
817472	673	10516	14776	Binder:10516_6	5	2
818585	674	10516	14776	Binder:10516_6	6	1
819692	675	10516	14776	Binder:10516_6	6	1
820790	676	10516	14776	Binder:10516_6	6	1
821914	677	10516	14776	Binder:10516_6	3	1
823053	678	10516	14776	Binder:10516_6	5	2
824166	679	10516	14776	Binder:10516_6	6	2
825246	680	10516	14776	Binder:10516_6	1	1
826345	681	10516	7048	Binder:10516_7	5	2
827442	682	10516	7048	Binder:10516_7	2	1
828536	683	10516	10618	Binder:10516_4	5	1
829648	685	10516	10618	Binder:10516_4	4	2
830750	686	10516	10618	Binder:10516_4	5	1
831841	687	10516	10618	Binder:10516_4	4	1
832954	687	10516	10618	Binder:10516_4	4	1
834069	688	10516	10618	Binder:10516_4	4	1
835180	689	10516	10618	Binder:10516_4	7	3
836291	690	10516	10618	Binder:10516_4	7	1
837392	691	10516	10618	Binder:10516_4	4	1
838504	692	10516	10618	Binder:10516_4	5	1
839631	693	10516	10618	Binder:10516_4	6	1
840780	694	10516	10618	Binder:10516_4	6	1
841861	696	10516	10618	Binder:10516_4	7	1
842973	696	10516	10618	Binder:10516_4	6	1
844061	697	10516	10618	Binder:10516_4	4	1
845170	698	10516	14776	Binder:10516_6	7	2
846327	699	10516	14776	Binder:10516_6	7	2
847451	700	10516	14776	Binder:10516_6	4	1
848576	701	10516	14776	Binder:10516_6	6	1
849685	702	10516	14776	Binder:10516_6	1	1
850826	703	10516	14776	Binder:10516_6	4	1
851937	704	10516	14776	Binder:10516_6	5	1
853026	705	10516	14776	Binder:10516_6	6	1
854125	706	10516	14776	Binder:10516_6	5	1
855204	707	10516	14776	Binder:10516_6	6	1
856330	708	10516	14776	Binder:10516_6	6	2
857440	709	10516	14776	Binder:10516_6	4	1
858533	710	10516	14776	Binder:10516_6	7	1
859639	710	10516	14776	Binder:10516_6	7	1
860734	711	10516	10536	Binder:10516_3	4	1
861850	712	10516	10536	Binder:10516_3	5	1
863002	713	10516	10536	Binder:10516_3	6	1
864097	715	10516	10536	Binder:10516_3	7	1
865209	716	10516	10536	Binder:10516_3	2	1
866275	717	10516	7048	Binder:10516_7	7	1
867361	718	10516	7048	Binder:10516_7	5	2
868446	718	10516	7048	Binder:10516_7	4	2
869544	720	10516	10536	Binder:10516_3	1	2
870614	721	10516	10536	Binder:10516_3	4	2
871722	722	10516	10536	Binder:10516_3	5	1
872833	722	10516	10536	Binder:10516_3	7	1
873902	723	10516	10536	Binder:10516_3	7	1
874984	724	10516	10536	Binder:10516_3	4	1
876096	725	10516	10536	Binder:10516_3	6	1
877179	726	10516	10536	Binder:10516_3	4	1
878270	727	10516	10536	Binder:10516_3	6	1
879368	729	10516	10536	Binder:10516_3	6	1
880487	729	10516	10536	Binder:10516_3	6	2
881576	730	10516	10536	Binder:10516_3	7	2
882682	731	10516	10536	Binder:10516_3	7	2
883794	732	10516	10536	Binder:10516_3	6	2
884901	733	10516	10536	Binder:10516_3	7	1
886031	734	10516	10536	Binder:10516_3	5	1
887101	735	10516	10536	Binder:10516_3	4	2
888215	736	10516	14776	Binder:10516_6	4	2
889330	737	10516	14776	Binder:10516_6	4	1
890493	738	10516	14776	Binder:10516_6	5	1
891590	739	10516	14776	Binder:10516_6	5	2
892742	740	10516	14776	Binder:10516_6	7	1
893821	741	10516	10536	Binder:10516_3	6	2
894887	742	10516	10536	Binder:10516_3	4	1
895973	743	10516	10536	Binder:10516_3	5	1
897076	743	10516	14776	Binder:10516_6	7	1
898144	744	10516	14776	Binder:10516_6	6	1
899229	745	10516	10536	Binder:10516_3	7	1
900338	746	10516	10536	Binder:10516_3	5	1
901464	747	10516	10536	Binder:10516_3	6	1
902557	748	10516	10536	Binder:10516_3	5	1
903668	750	10516	10536	Binder:10516_3	5	2
904765	751	10516	10536	Binder:10516_3	5	1
905858	752	10516	10536	Binder:10516_3	2	1
906927	753	10516	10536	Binder:10516_3	6	1
908036	754	10516	10536	Binder:10516_3	4	1
909137	755	10516	10536	Binder:10516_3	6	1
910280	755	10516	10536	Binder:10516_3	6	1
911420	756	10516	10536	Binder:10516_3	4	1
912610	757	10516	10536	Binder:10516_3	5	1
913691	757	10516	11176	Binder:10516_5	6	1
914804	758	10516	11176	Binder:10516_5	6	2
915891	759	10516	11176	Binder:10516_5	6	2
916991	760	10516	11176	Binder:10516_5	4	1
918089	761	10516	11176	Binder:10516_5	6	1
919154	762	10516	11176	Binder:10516_5	5	1
920238	763	10516	11176	Binder:10516_5	5	1
921350	764	10516	11176	Binder:10516_5	4	1
922472	765	10516	11176	Binder:10516_5	4	1
923583	766	10516	11176	Binder:10516_5	4	1
924725	767	10516	11176	Binder:10516_5	6	1
925818	768	10516	11176	Binder:10516_5	3	2
926944	769	10516	11176	Binder:10516_5	7	2
928066	770	10516	11176	Binder:10516_5	4	1
929224	771	10516	11176	Binder:10516_5	5	1
930377	772	10516	7048	Binder:10516_7	4	1
931515	773	10516	7048	Binder:10516_7	3	1
932641	774	10516	14776	Binder:10516_6	6	2
933748	775	10516	14776	Binder:10516_6	0	1
934859	776	10516	14776	Binder:10516_6	1	2
935977	776	10516	14776	Binder:10516_6	6	2
938216	778	10516	14776	Binder:10516_6	6	1