#time	io_read	io_write
2344	45056	0
3351	614400	0
4366	0	0
5367	0	0
7390	761856	0
8394	0	0
9397	0	0
10410	0	0
11425	0	0
12436	0	0
13444	0	0
14449	0	0
15450	0	0
16452	0	0
17455	0	0
18469	0	0
19484	0	0
20497	0	0
21503	0	0
22517	0	0
23520	0	0
24536	0	0
25541	0	0
26555	0	0
27557	0	0
28561	0	0
29561	0	0
30573	0	0
31588	0	0
32589	0	0
33597	0	0
34611	0	0
35615	0	0
36622	0	0
37630	0	0
38635	0	0
39643	0	0
40646	0	0
41660	0	0
42667	0	0
43681	0	0
44687	0	0
45693	0	0
46707	0	0
47721	0	0
48734	0	0
49748	0	0
50762	0	0
51777	8192	0
52791	0	0
53803	0	0
54817	0	0
55820	0	0
56835	0	0
57838	0	0
58850	3158016	0
59864	102400	0
60868	0	0
61882	0	0
62896	0	0
63899	0	0
64903	0	0
65904	0	0
66910	0	0
67922	0	0
68926	0	0
69940	0	0
70955	0	0
71957	0	0
72960	0	0
73975	0	0
74977	0	0
75982	0	0
76984	0	0
77991	0	0
79008	0	0
80022	0	0
81028	0	0
82029	0	0
83046	0	0
84053	0	0
85056	0	0
86070	0	0
87076	0	0
88081	0	0
89083	0	0
90091	0	0
91094	0	0
92095	0	0
93097	0	0
94111	0	0
95124	0	0
96125	0	0
97140	0	0
98155	0	0
99169	0	0
100176	0	0
101180	0	0
102194	0	0
103196	0	0
104202	0	0
105215	0	0
106230	0	0
107240	0	0
108254	0	0
109255	0	0
110270	0	0
111274	0	0
112280	0	0
113288	0	0
114293	0	0
115307	0	0
116318	0	0
117325	0	0
118340	0	0
119352	0	0
120354	0	0
121365	0	0
122365	0	0
123379	0	0
124386	0	0
125387	0	0
126402	0	0
127410	0	0
128414	0	0
129420	0	0
130432	0	0
131434	0	0
132438	0	0
133451	0	0
134465	0	0
135465	0	0
136480	0	0
137494	0	0
138507	0	0
139507	0	0
140521	0	0
141523	0	0
142524	0	0
143526	0	0
144539	0	0
145539	0	0
146551	0	0
147560	0	0
148575	0	0
149589	0	0
150591	0	0
151596	0	0
152609	0	0
153625	0	0
154625	0	0
155639	0	0
156641	0	0
157657	0	0
158669	0	0
159670	0	0
160671	0	0
161681	0	0
162696	0	0
163698	0	0
164699	0	0
165699	0	0
166711	0	0
167713	0	0
168716	0	0
169731	0	0
170737	0	0
171751	0	0
172765	0	0
173766	0	0
174768	0	0
175775	0	0
176788	0	0
177802	0	0
178803	0	0
179818	0	0
180832	0	0
181833	0	0
182842	0	0
183845	0	0
184858	0	0
185873	0	0
186887	0	0
187901	0	0
188915	0	0
189917	0	0
190922	0	0
191936	0	0
192942	0	0
193955	0	0
194970	0	0
195978	0	0
196993	0	0
198010	0	0
199024	0	0
200030	0	0
201038	0	0
202052	0	0
203055	0	0
204061	0	0
205076	0	0
206089	0	0
207093	0	0
208099	0	0
209102	0	0
210104	0	0
211120	0	0
212120	0	0
213134	0	0
214145	0	0
215159	0	0
216162	0	0
217167	0	0
218169	0	0
219169	0	0
220184	0	0
221198	0	0
222209	0	0
223223	0	0
224239	0	0
225255	0	0
226258	143360	0
227264	0	0
228266	0	0
229271	0	0
230283	0	0
231288	0	0
232289	0	0
233301	0	0
234307	0	0
235322	0	0
236338	0	0
237353	0	0
238356	0	0
239368	0	0
240384	0	0
241390	0	0
242405	0	0
243421	0	0
244433	0	0
245447	0	0
246449	0	0
247452	0	0
248467	0	0
249482	0	0
250497	0	0
251505	0	0
252505	0	0
253517	0	0
254525	0	0
255531	0	0
256544	0	0
257547	0	0
258553	0	0
259554	0	0
260558	0	0
261572	0	0
262574	0	0
263587	0	0
264588	0	0
265602	0	0
266610	0	0
267611	0	0
268612	0	0
269614	0	0
270620	0	0
271620	0	0
272635	0	0
273638	0	0
274651	0	0
275654	0	0
276656	0	0
277667	0	0
278676	0	0
279678	0	0
280680	0	0
281684	0	0
282687	0	0
283687	0	0
284701	0	0
285703	0	0
286719	1064960	0
287734	0	0
288746	0	0
289761	0	0
290774	0	0
291789	0	0
292791	0	0
293792	0	0
294807	0	0
295818	0	0
296823	0	0
297827	0	0
298829	0	0
299844	0	0
300845	0	0
301848	0	0
302849	0	0
303854	0	0
304860	0	0
305874	0	0
306877	0	0
307879	0	0
308887	0	0
309900	0	0
310913	0	0
311918	0	0
312918	0	0
313932	0	0
314947	0	0
315953	0	0
316967	0	0
317969	0	0
318974	0	0
319975	0	0
320988	0	0
321995	0	0
323010	0	0
324022	0	0
325022	0	0
326036	0	0
327043	0	0
328047	0	0
329061	0	0
330062	0	0
331063	0	0
332064	0	0
333068	0	0
334082	0	0
335084	0	0
336084	0	0
337088	0	0
338089	0	0
339092	0	0
340095	0	0
341097	0	0
342101	0	0
343102	0	0
344103	0	0
345110	0	0
346128	0	0
347130	0	0
348132	0	0
349147	0	0
350150	0	0
351151	0	0
352158	0	0
353160	0	0
354175	0	0
355182	0	0
356197	0	0
357213	0	0
358229	0	0
359232	0	0
360248	0	0
361262	0	0
362277	0	0
363292	0	0
364307	0	0
365307	0	0
366328	0	0
367331	0	0
368342	0	0
369345	0	0
370350	0	0
371354	0	0
372370	0	0
373376	0	0
374379	0	0
375380	0	0
376379	0	0
377397	0	0
378411	0	0
379423	0	0
380425	0	0
381425	0	0
382429	0	0
383433	0	0
384438	0	0
385441	0	0
386445	0	0
387448	0	0
388462	0	0
389471	0	0
390475	0	0
391490	0	0
392493	0	0
393506	0	0
394519	0	0
395520	0	0
396534	0	0
397547	0	0
398552	0	0
399554	0	0
400567	0	0
401570	0	0
402582	0	0
403598	0	0
404600	0	0
405604	0	0
406618	0	0
407630	0	0
408633	0	0
409636	0	0
410650	0	0
411652	0	0
412653	0	0
413658	0	0
414659	0	0
415659	0	0
416672	0	0
417677	0	0
418677	0	0
419692	0	0
420706	0	0
421707	0	0
422709	0	0
423711	0	0
424725	0	0
425728	0	0
426732	0	0
427748	0	0
428751	0	0
429755	0	0
430768	0	0
431771	0	0
432778	0	0
433780	0	0
434795	0	0
435798	0	0
436810	0	0
437824	0	0
438835	0	0
439837	0	0
440853	0	0
441853	0	0
442864	0	0
443870	0	0
444874	0	0
445888	0	0
446894	0	0
447906	0	0
448909	0	0
449923	0	0
450925	0	0
451940	0	0
452942	0	0
453953	0	0
454968	0	0
455983	0	0
456987	0	0
457992	0	0
459006	0	0
460009	0	0
461023	0	0
462037	0	0
463044	0	0
464047	8192	0
465062	0	0
466076	0	0
467083	0	0
468087	0	0
469090	0	0
470093	0	0
471097	0	0
472110	0	0
473111	0	0
474122	0	0
475136	0	0
476141	0	0
477145	0	0
478151	0	0
479153	0	0
480166	0	0
481181	0	0
482181	0	0
483185	0	0
484199	0	0
485201	0	0
486203	0	0
487208	16384	0
488223	0	0
489239	0	0
490239	0	0
491252	0	0
492266	0	0
493267	0	0
494268	0	0
495269	0	0
496273	0	0
497275	0	0
498289	0	0
499289	0	0
500291	0	0
501292	0	0
502295	0	0
503306	0	0
504315	0	0
505317	0	0
506324	0	0
507326	0	0
508342	0	0
509351	0	0
510356	0	0
511372	0	0
512378	0	0
513392	0	0
514399	0	0
515413	0	0
516419	0	0
517432	0	0
518437	0	0
519437	0	0
520438	0	0
521445	0	0
522459	0	0
523473	0	0
524475	0	0
525490	0	0
526492	0	0
527498	0	0
528500	0	0
529514	0	0
530515	0	0
531520	0	0
532521	0	0
533536	0	0
534540	0	0
535553	0	0
536557	0	0
537559	0	0
538574	0	0
539589	0	0
540592	0	0
541607	0	0
542611	0	0
543614	0	0
544628	0	0
545629	0	0
546644	0	0
547650	0	0
548653	0	0
549667	0	0
550670	0	0
551673	0	0
552686	0	0
553686	0	0
554698	0	0
555711	0	0
556718	0	0
557720	8192	0
558725	0	0
559740	0	0
560745	0	0
561749	0	0
562752	0	0
563770	0	0
564774	0	0
565788	0	0
566790	0	0
567804	0	0
568806	0	0
569808	0	0
570821	0	0
571827	0	0
572829	0	0
573843	0	0
574845	0	0
575850	0	0
576853	0	0
577857	0	0
578860	0	0
579866	0	0
580872	0	0
581873	0	0
582879	0	0
583895	0	0
584913	0	0
585926	0	0
586934	0	0
587938	0	0
588939	0	0
589944	0	0
590947	0	0
591951	0	0
592958	0	0
593961	0	0
594967	0	0
595980	0	0
596980	0	0
597981	0	0
598985	0	0
599986	0	0
600987	0	0
602002	0	0
603015	0	0
604031	0	0
605034	0	0
606050	0	0
607055	0	0
608072	0	0
609088	0	0
610100	0	0
611114	0	0
612116	0	0
613128	0	0
614132	0	0
615135	0	0
616141	0	0
617145	0	0
618148	0	0
619162	0	0
620188	0	0
621204	0	0
622211	0	0
623212	0	0
624213	0	0
625229	0	0
626241	0	0
627256	0	0
628271	0	0
629274	0	0
630275	0	0
631290	0	0
632293	0	0
633299	0	0
634315	0	0
635318	0	0
636320	0	0
637326	0	0
638328	0	0
639332	0	0
640335	0	0
641338	0	0
642341	0	0
643343	0	0
644345	0	0
645361	0	0
646363	0	0
647370	0	0
648371	0	0
649377	0	0
650379	0	0
651380	0	0
652385	0	0
653398	0	0
654411	0	0
655414	0	0
656416	0	0
657423	0	0
658437	0	0
659443	0	0
660460	0	0
661461	0	0
662464	0	0
663468	0	0
664469	0	0
665469	0	0
666478	0	0
667485	0	0
668487	0	0
669492	0	0
670493	0	0
671494	0	0
672511	0	0
673526	0	0
674531	0	0
675536	0	0
676539	0	0
677546	0	0
678550	0	0
679554	0	0
680557	0	0
681562	0	0
682562	0	0
683578	0	0
684581	0	0
685586	0	0
686590	0	0
687605	0	0
688608	0	0
689612	0	0
690627	0	0
691651	0	0
692652	0	0
693667	0	0
694689	0	0
695699	0	0
696714	0	0
697717	0	0
698730	0	0
699733	0	0
700750	0	0
701754	0	0
702768	0	0
703776	0	0
704778	0	0
705792	0	0
706794	0	0
707800	0	0
708803	0	0
709807	0	0
710811	0	0
711826	0	0
712839	0	0
713854	0	0
714862	0	0
715867	0	0
716882	0	0
717887	0	0
718904	0	0
719913	0	0
720914	0	0
721930	0	0
722937	0	0
723940	0	0
724946	0	0
725952	0	0
726962	0	0
727978	0	0
728981	0	0
729997	0	0
730998	0	0
732003	0	0
733018	16384	0
734021	0	0
735033	0	0
736036	0	0
737039	0	0
738052	0	0
739052	0	0
740056	0	0
741060	0	0
742065	0	0
743070	0	0
744072	0	0
745074	0	0
746079	0	0
747094	0	0
748097	0	0
749107	0	0
750121	0	0
751123	0	0
752137	0	0
753153	0	0
754169	0	0
755182	0	0
756186	0	0
757194	0	0
758207	0	0
759208	0	0
760212	0	0
761228	0	0
762234	0	0
763248	0	0
764253	0	0
765267	0	0
766269	0	0
767270	0	0
768283	0	0
769285	0	0
770301	0	0
771315	0	0
772330	0	0
773342	0	0
774344	0	0
775346	0	0
776347	0	0
777363	0	0
778379	0	0
779384	0	0
780399	0	0
781406	0	0
782420	0	0
783425	0	0
784428	0	0
785442	0	0
786453	0	0
787453	0	0
788458	0	0
789459	0	0
790476	0	0
791482	0	0
792498	0	0
793502	0	0
794512	0	0
795525	0	0
796539	0	0
797553	0	0
798555	0	0
799557	0	0
800573	0	0
801580	0	0
802585	0	0
803596	0	0
804598	0	0
805608	0	0
806610	0	0
807615	0	0
808620	0	0
809636	0	0
810642	0	0
811643	0	0
812658	0	0
813669	0	0
814671	0	0
815683	0	0
816686	0	0
817691	0	0
818694	0	0
819715	0	0
820728	0	0
821742	0	0
822758	0	0
823773	0	0
824776	0	0
825779	0	0
826786	0	0
827787	0	0
828787	0	0
829790	0	0
830798	0	0
831812	0	0
832813	0	0
833819	0	0
834822	0	0
835836	0	0
836844	0	0
837848	0	0
838854	0	0
839868	0	0
840873	0	0
841875	0	0
842878	0	0
843885	0	0
844890	0	0
845891	0	0
846906	8192	0
847921	0	0
848933	0	0
849933	0	0
850937	0	0
851952	0	0
852963	0	0
853966	0	0
854968	0	0
855983	0	0
856984	0	0
857999	0	0
859012	0	0
860015	0	0
861017	0	0
862023	0	0
863030	0	0
864033	0	0
865035	0	0
866040	0	0
867046	0	0
868054	0	0
869068	0	0
870080	0	0
871083	0	0
872098	0	0
873103	0	0
874109	0	0
875124	0	0
876129	0	0
877133	0	0
878145	0	0
879149	0	0
880158	0	0
881170	0	0
882185	0	0
883200	0	0
884201	0	0
885200	0	0
886204	0	0
887211	0	0
888215	0	0
889221	0	0
890228	0	0
891231	0	0
892243	0	0
893256	0	0
894258	0	0
895263	0	0
896266	0	0
897267	0	0
898270	0	0
899275	0	0
900276	0	0
901291	0	0
902306	0	0
903309	0	0
904322	0	0
905326	0	0
906331	0	0
907335	0	0
908350	0	0
909356	0	0
910373	0	0
911388	0	0
912391	0	0
913392	0	0
914400	0	0
915409	0	0
916410	0	0
917416	0	0
918418	0	0
919420	0	0
920424	0	0
921427	0	0
922441	0	0
923443	0	0
924458	0	0
925461	0	0
926464	0	0
927474	0	0
928489	0	0
929489	0	0
930501	0	0
931516	0	0
932530	0	0
933553	0	0
934559	0	0
935571	0	0
936572	0	0
937573	0	0
